Nome,Depth,i,Seed,Melhor_fitness,Numero_de_comparacoes,Tempo_para_encontrar_melhor_solucao,Tempo_total,Timed_out
abba,5,1,4105328976,38,28978,1705,34734,false
abba,5,1,6370951248,39,360574,21599,36160,false
abba,5,2,9431657082,39,323372,18203,33589,false
abba,5,3,1874029365,37,217915,12403,33440,false
abba,5,4,5691784320,38,104419,5878,32878,false
abba,5,5,8392760514,39,94646,5637,33323,false
abba,5,6,4612780539,39,201345,11822,34089,false
abba,5,7,8261384957,39,500142,28059,33338,false
abba,5,8,2463075891,39,16847,1115,33298,false
abba,5,9,9135874206,39,253636,13892,32302,false
abba,5,10,7095231486,39,146349,8550,33007,false
abba,5,11,9842301657,39,284906,15025,32695,false
abba,5,12,2196735084,38,567394,32046,33823,false
abba,5,13,9067852413,39,436507,23773,33399,false
abba,5,14,2405681973,39,160768,9003,32278,false
abba,5,15,2738495106,38,116519,6880,34025,false
abba,5,16,1069782534,38,96475,5614,33357,false
abba,5,17,3018795246,39,597792,32916,33053,false
abba,5,18,1736058429,39,540147,30408,33529,false
abba,5,19,6087432195,38,542991,29769,32963,false
abba,5,20,4925731068,38,158292,8595,32945,false
abba,5,21,3486027915,38,398487,20967,31948,false
abba,5,22,6941372580,39,288664,15982,33225,false
abba,5,23,1068243795,39,334418,18914,33842,false
abba,5,24,1764028593,40,42914,2599,33101,false
abba,5,25,3857069214,39,479139,26079,32551,false
abba,5,26,9125784630,39,588204,32486,33115,false
abba,5,27,7914823056,39,518575,29039,33952,false
abba,5,28,1258360497,40,137386,7584,33039,false
abba,5,29,7965023841,38,426488,22238,31339,false
abba,7,1,4105328976,38,143649,8391,34240,false
abba,7,1,6370951248,38,195813,11432,34030,false
abba,7,2,9431657082,38,93133,5392,34979,false
abba,7,3,1874029365,38,363695,20674,34239,false
abba,7,4,5691784320,38,143877,7942,33652,false
abba,7,5,8392760514,39,372451,21614,35041,false
abba,7,6,4612780539,38,107217,6431,34642,false
abba,7,7,8261384957,39,347143,20375,35029,false
abba,7,8,2463075891,39,498085,28246,34168,false
abba,7,9,9135874206,39,589459,33764,34550,false
abba,7,10,7095231486,39,508864,28766,34111,false
abba,7,11,9842301657,38,479940,26644,33227,false
abba,7,12,2196735084,38,460372,26354,33971,false
abba,7,13,9067852413,39,237808,13674,34423,false
abba,7,14,2405681973,38,471908,27138,34462,false
abba,7,15,2738495106,39,439420,25773,35250,false
abba,7,16,1069782534,39,141414,8714,34616,false
abba,7,17,3018795246,38,4267,346,34235,false
abba,7,18,1736058429,37,155820,9703,35747,false
abba,7,19,6087432195,38,355770,20868,34660,false
abba,7,20,4925731068,39,349039,20051,34514,false
abba,7,21,3486027915,39,451774,25973,34577,false
abba,7,22,6941372580,39,76256,5043,33783,false
abba,7,23,1068243795,39,339532,20145,34674,false
abba,7,24,1764028593,38,545736,31434,34580,false
abba,7,25,3857069214,40,31865,2240,34870,false
abba,7,26,9125784630,39,266211,15167,34455,false
abba,7,27,7914823056,39,254480,14337,34393,false
abba,7,28,1258360497,39,539335,31684,35270,false
abba,7,29,7965023841,39,221164,13448,34668,false
abba,9,1,4105328976,38,411078,26229,38087,false
abba,9,1,6370951248,38,36696,2491,36552,false
abba,9,2,9431657082,38,112376,6928,37251,false
abba,9,3,1874029365,39,231130,14531,37923,false
abba,9,4,5691784320,38,436545,27227,37364,false
abba,9,5,8392760514,39,480559,30005,37588,false
abba,9,6,4612780539,38,544205,34208,37616,false
abba,9,7,8261384957,39,311817,18799,37124,false
abba,9,8,2463075891,39,350556,21728,37418,false
abba,9,9,9135874206,39,430377,27124,37916,false
abba,9,10,7095231486,38,289707,18100,37098,false
abba,9,11,9842301657,38,67272,4015,36511,false
abba,9,12,2196735084,38,41275,2702,36544,false
abba,9,13,9067852413,38,191704,12019,36926,false
abba,9,14,2405681973,37,336976,21205,37085,false
abba,9,15,2738495106,38,77483,5023,37242,false
abba,9,16,1069782534,39,122333,8082,37114,false
abba,9,17,3018795246,38,411050,26377,38142,false
abba,9,18,1736058429,37,444338,29051,38567,false
abba,9,19,6087432195,39,449430,28434,38034,false
abba,9,20,4925731068,39,573843,36117,37658,false
abba,9,21,3486027915,39,424353,26456,37664,false
abba,9,22,6941372580,38,524079,33038,37770,false
abba,9,23,1068243795,38,16775,1133,37474,false
abba,9,24,1764028593,39,428597,27491,38404,false
abba,9,25,3857069214,37,171039,10554,37043,false
abba,9,26,9125784630,38,318631,20289,37627,false
abba,9,27,7914823056,38,2802,299,37714,false
abba,9,28,1258360497,38,110396,7282,37802,false
abba,9,29,7965023841,38,378415,24026,37761,false
abba,11,1,4105328976,39,125442,8301,40340,false
abba,11,1,6370951248,38,105541,7287,40006,false
abba,11,2,9431657082,38,368068,24696,40529,false
abba,11,3,1874029365,38,412912,27411,39856,false
abba,11,4,5691784320,38,200146,13170,40472,false
abba,11,5,8392760514,38,2462,255,39572,false
abba,11,6,4612780539,37,534535,36110,40300,false
abba,11,7,8261384957,38,369943,25009,40459,false
abba,11,8,2463075891,38,82112,5476,40151,false
abba,11,9,9135874206,38,175141,11195,39386,false
abba,11,10,7095231486,38,494623,32677,39640,false
abba,11,11,9842301657,40,487174,31879,39462,false
abba,11,12,2196735084,40,157279,10739,39914,false
abba,11,13,9067852413,38,599213,39518,39588,false
abba,11,14,2405681973,38,102053,6726,39175,false
abba,11,15,2738495106,38,116076,7847,39548,false
abba,11,16,1069782534,38,405321,26448,39330,false
abba,11,17,3018795246,37,586716,39575,40387,false
abba,11,18,1736058429,39,150917,10321,40858,false
abba,11,19,6087432195,38,99452,6759,39684,false
abba,11,20,4925731068,38,553650,36482,39582,false
abba,11,21,3486027915,39,151644,10254,39376,false
abba,11,22,6941372580,39,99123,6652,39584,false
abba,11,23,1068243795,38,312781,20887,40232,false
abba,11,24,1764028593,38,340587,22176,39409,false
abba,11,25,3857069214,38,324969,21478,40037,false
abba,11,26,9125784630,37,338226,22573,40424,false
abba,11,27,7914823056,38,320869,21513,40097,false
abba,11,28,1258360497,38,591280,38483,39094,false
abba,11,29,7965023841,39,208016,13787,40224,false
abba,13,1,4105328976,39,60464,4581,43270,false
abba,13,1,6370951248,38,318011,22730,42909,false
abba,13,2,9431657082,37,581750,41766,43230,false
abba,13,3,1874029365,39,392445,28084,42954,false
abba,13,4,5691784320,38,416075,28945,42194,false
abba,13,5,8392760514,38,464030,32972,42790,false
abba,13,6,4612780539,38,243129,17046,42596,false
abba,13,7,8261384957,38,486220,34457,42689,false
abba,13,8,2463075891,38,325077,22645,42925,false
abba,13,9,9135874206,37,432644,29919,41821,false
abba,13,10,7095231486,38,70841,5290,42742,false
abba,13,11,9842301657,38,546037,38331,42293,false
abba,13,12,2196735084,38,401850,27861,42240,false
abba,13,13,9067852413,39,427449,30006,41930,false
abba,13,14,2405681973,38,88152,6420,43524,false
abba,13,15,2738495106,37,120192,8648,42399,false
abba,13,16,1069782534,37,149647,10653,42803,false
abba,13,17,3018795246,38,555018,39562,42741,false
abba,13,18,1736058429,38,462364,31926,41987,false
abba,13,19,6087432195,38,316434,21837,42369,false
abba,13,20,4925731068,38,512462,36141,42562,false
abba,13,21,3486027915,38,429415,28849,40664,false
abba,13,22,6941372580,37,319237,22491,42883,false
abba,13,23,1068243795,38,145039,10490,41627,false
abba,13,24,1764028593,39,569617,40404,42511,false
abba,13,25,3857069214,38,35400,2811,42937,false
abba,13,26,9125784630,38,149887,10637,42537,false
abba,13,27,7914823056,39,263990,19095,43241,false
abba,13,28,1258360497,38,178177,12037,42882,false
abba,13,29,7965023841,38,555684,39327,42890,false
abba,15,1,4105328976,39,63155,4776,46139,false
abba,15,1,6370951248,38,463254,34794,44729,false
abba,15,2,9431657082,38,35609,2672,44000,false
abba,15,3,1874029365,39,110317,8471,45458,false
abba,15,4,5691784320,38,30412,2344,44975,false
abba,15,5,8392760514,38,554475,40920,44492,false
abba,15,6,4612780539,37,495014,37069,44963,false
abba,15,7,8261384957,38,303365,22054,43291,false
abba,15,8,2463075891,38,408604,31504,45815,false
abba,15,9,9135874206,38,352145,25676,44328,false
abba,15,10,7095231486,38,105555,8744,44340,false
abba,15,11,9842301657,38,592590,43214,43824,false
abba,15,12,2196735084,41,208502,15319,44482,false
abba,15,13,9067852413,38,76536,6337,46214,false
abba,15,14,2405681973,38,369504,29371,46808,false
abba,15,15,2738495106,40,144871,11080,44407,false
abba,15,16,1069782534,38,554568,42110,45731,false
abba,15,17,3018795246,36,430785,32451,45004,false
abba,15,18,1736058429,38,114962,8492,44995,false
abba,15,19,6087432195,38,488020,36241,45059,false
abba,15,20,4925731068,38,595022,44223,44523,false
abba,15,21,3486027915,38,197883,15174,44384,false
abba,15,22,6941372580,38,393610,29273,45235,false
abba,15,23,1068243795,37,479409,35799,44952,false
abba,15,24,1764028593,38,582726,44761,46000,false
abba,15,25,3857069214,37,302232,22093,43513,false
abba,15,26,9125784630,38,496381,37137,44681,false
abba,15,27,7914823056,38,23239,1870,44598,false
abba,15,28,1258360497,39,129502,10463,45852,false
abba,15,29,7965023841,39,552170,41008,44427,false
aman-aplan,5,1,4105328976,35,401505,26794,39840,false
aman-aplan,5,1,6370951248,35,96712,7386,41495,false
aman-aplan,5,2,9431657082,35,576247,39827,41435,false
aman-aplan,5,3,1874029365,34,15610,1015,41966,false
aman-aplan,5,4,5691784320,35,415210,27438,40122,false
aman-aplan,5,5,8392760514,35,290559,20194,41281,false
aman-aplan,5,6,4612780539,36,487764,33876,41320,false
aman-aplan,5,7,8261384957,35,76986,5400,41605,false
aman-aplan,5,8,2463075891,35,118632,9662,42532,false
aman-aplan,5,9,9135874206,35,302676,20935,41448,false
aman-aplan,5,10,7095231486,35,543461,37189,41103,false
aman-aplan,5,11,9842301657,35,157179,10581,38892,false
aman-aplan,5,12,2196735084,35,360911,24906,40586,false
aman-aplan,5,13,9067852413,35,523969,35862,40899,false
aman-aplan,5,14,2405681973,35,530157,36462,41301,false
aman-aplan,5,15,2738495106,35,309930,22087,42056,false
aman-aplan,5,16,1069782534,35,572026,38291,40385,false
aman-aplan,5,17,3018795246,36,370817,25478,40595,false
aman-aplan,5,18,1736058429,35,195017,13593,40191,false
aman-aplan,5,19,6087432195,35,590527,40510,41161,false
aman-aplan,5,20,4925731068,35,327187,23100,39700,false
aman-aplan,5,21,3486027915,35,289487,20037,40541,false
aman-aplan,5,22,6941372580,35,343702,23614,40699,false
aman-aplan,5,23,1068243795,35,22869,1926,41223,false
aman-aplan,5,24,1764028593,34,554077,37533,40864,false
aman-aplan,5,25,3857069214,35,18847,1654,41247,false
aman-aplan,5,26,9125784630,35,135890,8882,39728,false
aman-aplan,5,27,7914823056,35,179415,12417,40744,false
aman-aplan,5,28,1258360497,35,245163,16718,41626,false
aman-aplan,5,29,7965023841,35,400449,28496,41420,false
aman-aplan,7,1,4105328976,35,195331,15396,45200,false
aman-aplan,7,1,6370951248,33,597089,43686,43834,false
aman-aplan,7,2,9431657082,35,381584,28153,42903,false
aman-aplan,7,3,1874029365,36,581100,42823,44610,false
aman-aplan,7,4,5691784320,35,381328,27544,43434,false
aman-aplan,7,5,8392760514,34,387163,29916,45340,false
aman-aplan,7,6,4612780539,35,584368,42331,43362,false
aman-aplan,7,7,8261384957,35,156936,11111,43713,false
aman-aplan,7,8,2463075891,35,166291,12345,43909,false
aman-aplan,7,9,9135874206,35,208394,16252,44323,false
aman-aplan,7,10,7095231486,35,130855,10162,44047,false
aman-aplan,7,11,9842301657,35,243592,17145,41891,false
aman-aplan,7,12,2196735084,35,226992,16076,42711,false
aman-aplan,7,13,9067852413,35,250022,17595,42625,false
aman-aplan,7,14,2405681973,35,183849,13354,43306,false
aman-aplan,7,15,2738495106,34,343824,25872,43956,false
aman-aplan,7,16,1069782534,35,366630,26440,42767,false
aman-aplan,7,17,3018795246,35,569953,42180,44328,false
aman-aplan,7,18,1736058429,34,184808,13656,43850,false
aman-aplan,7,19,6087432195,35,429889,30077,41902,false
aman-aplan,7,20,4925731068,35,59121,4585,44110,false
aman-aplan,7,21,3486027915,35,551616,41065,44338,false
aman-aplan,7,22,6941372580,34,52680,3854,44440,false
aman-aplan,7,23,1068243795,34,219947,16974,44961,false
aman-aplan,7,24,1764028593,34,175371,12168,43891,false
aman-aplan,7,25,3857069214,35,438304,30662,42534,false
aman-aplan,7,26,9125784630,35,280044,19842,42538,false
aman-aplan,7,27,7914823056,35,52499,4019,43329,false
aman-aplan,7,28,1258360497,33,314876,22133,42926,false
aman-aplan,7,29,7965023841,35,598105,42959,43074,false
aman-aplan,9,1,4105328976,35,377733,29214,45296,false
aman-aplan,9,1,6370951248,35,133641,11295,45921,false
aman-aplan,9,2,9431657082,34,302825,23930,46772,false
aman-aplan,9,3,1874029365,34,21478,1746,44404,false
aman-aplan,9,4,5691784320,35,152422,12058,46242,false
aman-aplan,9,5,8392760514,35,168298,13209,45661,false
aman-aplan,9,6,4612780539,35,165872,13393,47060,false
aman-aplan,9,7,8261384957,35,58663,4834,45340,false
aman-aplan,9,8,2463075891,34,280788,22363,46438,false
aman-aplan,9,9,9135874206,35,15050,1190,45211,false
aman-aplan,9,10,7095231486,34,430422,33746,47320,false
aman-aplan,9,11,9842301657,35,215730,16080,44719,false
aman-aplan,9,12,2196735084,35,570194,42759,44762,false
aman-aplan,9,13,9067852413,35,353415,27574,46713,false
aman-aplan,9,14,2405681973,35,381889,29989,46618,false
aman-aplan,9,15,2738495106,35,584200,45357,46624,false
aman-aplan,9,16,1069782534,36,293720,23226,47559,false
aman-aplan,9,17,3018795246,36,25502,2254,46589,false
aman-aplan,9,18,1736058429,35,87450,6565,47275,false
aman-aplan,9,19,6087432195,35,384524,29818,46262,false
aman-aplan,9,20,4925731068,35,49494,4323,48072,false
aman-aplan,9,21,3486027915,35,499026,37656,45353,false
aman-aplan,9,22,6941372580,33,3310,315,47107,false
aman-aplan,9,23,1068243795,35,564021,43654,46286,false
aman-aplan,9,24,1764028593,35,443379,35553,47748,false
aman-aplan,9,25,3857069214,35,395623,29814,45538,false
aman-aplan,9,26,9125784630,35,409497,32576,47264,false
aman-aplan,9,27,7914823056,35,552244,43485,47422,false
aman-aplan,9,28,1258360497,35,578823,44692,46266,false
aman-aplan,9,29,7965023841,35,397610,31907,47320,false
aman-aplan,11,1,4105328976,35,223860,19036,48789,false
aman-aplan,11,1,6370951248,35,495247,40612,49513,false
aman-aplan,11,2,9431657082,35,412244,34345,49745,false
aman-aplan,11,3,1874029365,34,488867,41202,49819,false
aman-aplan,11,4,5691784320,34,575906,46930,48813,false
aman-aplan,11,5,8392760514,34,210520,17623,49048,false
aman-aplan,11,6,4612780539,35,540141,44247,49342,false
aman-aplan,11,7,8261384957,35,285523,24360,49763,false
aman-aplan,11,8,2463075891,34,482627,39835,48976,false
aman-aplan,11,9,9135874206,35,465225,39877,50490,false
aman-aplan,11,10,7095231486,35,146928,12567,48817,false
aman-aplan,11,11,9842301657,35,416971,33765,49174,false
aman-aplan,11,12,2196735084,35,270056,21675,49351,false
aman-aplan,11,13,9067852413,36,419778,35433,50498,false
aman-aplan,11,14,2405681973,35,248971,19656,48205,false
aman-aplan,11,15,2738495106,35,182878,15198,49817,false
aman-aplan,11,16,1069782534,35,419360,34319,48748,false
aman-aplan,11,17,3018795246,35,589585,47734,48644,false
aman-aplan,11,18,1736058429,34,269617,22397,50305,false
aman-aplan,11,19,6087432195,35,289480,23020,48520,false
aman-aplan,11,20,4925731068,35,517799,42046,48939,false
aman-aplan,11,21,3486027915,35,50920,4239,47825,false
aman-aplan,11,22,6941372580,35,143008,11802,50185,false
aman-aplan,11,23,1068243795,35,338286,26834,47561,false
aman-aplan,11,24,1764028593,34,572251,46225,48174,false
aman-aplan,11,25,3857069214,35,67252,6138,48017,false
aman-aplan,11,26,9125784630,36,433600,35913,48798,false
aman-aplan,11,27,7914823056,35,120386,10497,50128,false
aman-aplan,11,28,1258360497,34,50687,4214,48203,false
aman-aplan,11,29,7965023841,34,39664,3251,48366,false
aman-aplan,13,1,4105328976,35,321007,26986,50028,false
aman-aplan,13,1,6370951248,35,58730,5395,50975,false
aman-aplan,13,2,9431657082,35,19833,2132,53043,false
aman-aplan,13,3,1874029365,35,79181,7148,52676,false
aman-aplan,13,4,5691784320,35,576516,50061,51707,false
aman-aplan,13,5,8392760514,35,444753,39285,52901,false
aman-aplan,13,6,4612780539,34,593397,51697,52274,false
aman-aplan,13,7,8261384957,35,535625,46794,52755,false
aman-aplan,13,8,2463075891,35,10516,1186,52314,false
aman-aplan,13,9,9135874206,34,13741,1222,50932,false
aman-aplan,13,10,7095231486,35,416153,37193,53363,false
aman-aplan,13,11,9842301657,35,119015,10398,50148,false
aman-aplan,13,12,2196735084,35,288344,23758,51186,false
aman-aplan,13,13,9067852413,35,183045,17223,54288,false
aman-aplan,13,14,2405681973,35,592855,50863,51285,false
aman-aplan,13,15,2738495106,35,221991,19399,53090,false
aman-aplan,13,16,1069782534,37,132604,11317,53050,false
aman-aplan,13,17,3018795246,35,6225,658,51496,false
aman-aplan,13,18,1736058429,35,170666,15437,52754,false
aman-aplan,13,19,6087432195,35,206803,18953,53437,false
aman-aplan,13,20,4925731068,34,67921,5941,51870,false
aman-aplan,13,21,3486027915,34,267412,23668,49593,false
aman-aplan,13,22,6941372580,34,244264,20984,51360,false
aman-aplan,13,23,1068243795,35,322927,27962,51467,false
aman-aplan,13,24,1764028593,35,67689,6154,52327,false
aman-aplan,13,25,3857069214,35,402299,34833,51925,false
aman-aplan,13,26,9125784630,35,217577,18285,51359,false
aman-aplan,13,27,7914823056,34,259525,23186,51801,false
aman-aplan,13,28,1258360497,35,273220,24014,50787,false
aman-aplan,13,29,7965023841,35,184695,17288,52074,false
aman-aplan,15,1,4105328976,35,321667,29135,55085,false
aman-aplan,15,1,6370951248,34,360342,33253,54469,false
aman-aplan,15,2,9431657082,36,553666,48602,52517,false
aman-aplan,15,3,1874029365,35,534004,46659,53192,false
aman-aplan,15,4,5691784320,34,14149,1152,55878,false
aman-aplan,15,5,8392760514,34,546221,50748,55450,false
aman-aplan,15,6,4612780539,35,250833,24076,55890,false
aman-aplan,15,7,8261384957,35,84433,7051,53218,false
aman-aplan,15,8,2463075891,36,257889,23651,54272,false
aman-aplan,15,9,9135874206,35,43492,4048,55625,false
aman-aplan,15,10,7095231486,35,288520,28639,58212,false
aman-aplan,15,11,9842301657,35,214904,19375,53229,false
aman-aplan,15,12,2196735084,34,566473,49935,52936,false
aman-aplan,15,13,9067852413,34,541789,49394,54078,false
aman-aplan,15,14,2405681973,35,29832,3250,55925,false
aman-aplan,15,15,2738495106,35,71628,7477,57870,false
aman-aplan,15,16,1069782534,34,570973,51943,54583,false
aman-aplan,15,17,3018795246,35,6225,644,53882,false
aman-aplan,15,18,1736058429,35,381026,34173,54671,false
aman-aplan,15,19,6087432195,34,566631,51792,54434,false
aman-aplan,15,20,4925731068,34,272182,25408,54589,false
aman-aplan,15,21,3486027915,35,40349,3316,55140,false
aman-aplan,15,22,6941372580,35,65411,6945,53362,false
aman-aplan,15,23,1068243795,36,437975,42890,56924,false
aman-aplan,15,24,1764028593,35,287916,25368,52121,false
aman-aplan,15,25,3857069214,35,597625,50750,50969,false
aman-aplan,15,26,9125784630,34,23087,2395,53869,false
aman-aplan,15,27,7914823056,33,323270,29485,53420,false
aman-aplan,15,28,1258360497,34,556493,51112,54984,false
aman-aplan,15,29,7965023841,34,303809,28567,56169,false
four,5,1,4105328976,37,146243,6182,24028,false
four,5,1,6370951248,36,84272,3713,24295,false
four,5,2,9431657082,37,74598,2951,23175,false
four,5,3,1874029365,36,475291,19577,24210,false
four,5,4,5691784320,37,573462,23137,24257,false
four,5,5,8392760514,37,45561,2033,24912,false
four,5,6,4612780539,36,397334,15454,22396,false
four,5,7,8261384957,40,551755,22936,25215,false
four,5,8,2463075891,36,304896,13022,24387,false
four,5,9,9135874206,37,220834,10059,24698,false
four,5,10,7095231486,36,494216,19618,23598,false
four,5,11,9842301657,37,362523,15181,24688,false
four,5,12,2196735084,36,224653,8599,24149,false
four,5,13,9067852413,38,376115,15172,24184,false
four,5,14,2405681973,38,314987,12336,24062,false
four,5,15,2738495106,37,29349,1368,24487,false
four,5,16,1069782534,36,341934,13544,24115,false
four,5,17,3018795246,37,402720,15812,23626,false
four,5,18,1736058429,36,323627,13972,26291,false
four,5,19,6087432195,38,571858,22841,23877,false
four,5,20,4925731068,37,596289,23837,24002,false
four,5,21,3486027915,36,466801,19573,25566,false
four,5,22,6941372580,37,254832,10924,23395,false
four,5,23,1068243795,37,477635,19012,23738,false
four,5,24,1764028593,37,575328,22469,23523,false
four,5,25,3857069214,38,61624,2377,24809,false
four,5,26,9125784630,36,541620,21927,24184,false
four,5,27,7914823056,37,348180,14790,24542,false
four,5,28,1258360497,36,292532,12009,24061,false
four,5,29,7965023841,36,417178,16602,23416,false
four,7,1,4105328976,37,596578,25427,25572,false
four,7,1,6370951248,37,98263,4348,26455,false
four,7,2,9431657082,37,554936,22968,24702,false
four,7,3,1874029365,36,13549,644,24900,false
four,7,4,5691784320,37,409289,17825,26160,false
four,7,5,8392760514,37,254936,12362,27574,false
four,7,6,4612780539,36,47787,2244,25673,false
four,7,7,8261384957,37,65030,2899,24759,false
four,7,8,2463075891,38,526670,21721,24490,false
four,7,9,9135874206,36,509706,20978,25244,false
four,7,10,7095231486,36,151493,6079,25071,false
four,7,11,9842301657,37,179668,8450,26514,false
four,7,12,2196735084,37,357680,16036,27235,false
four,7,13,9067852413,36,401539,16711,25380,false
four,7,14,2405681973,37,562160,25001,26862,false
four,7,15,2738495106,37,235404,10167,25131,false
four,7,16,1069782534,37,342341,14811,26012,false
four,7,17,3018795246,37,79557,3333,25891,false
four,7,18,1736058429,36,323692,13406,26226,false
four,7,19,6087432195,37,211677,9151,26244,false
four,7,20,4925731068,37,516749,22704,26248,false
four,7,21,3486027915,37,177408,7685,26134,false
four,7,22,6941372580,37,246420,10463,25476,false
four,7,23,1068243795,37,183276,8073,26370,false
four,7,24,1764028593,36,200291,8443,25549,false
four,7,25,3857069214,36,196411,8451,25622,false
four,7,26,9125784630,36,377824,16109,26093,false
four,7,27,7914823056,36,169718,6705,24218,false
four,7,28,1258360497,36,333394,13420,24720,false
four,7,29,7965023841,38,87680,3774,25785,false
four,9,1,4105328976,37,207925,9814,28084,false
four,9,1,6370951248,39,327247,15098,27817,false
four,9,2,9431657082,37,466448,21642,27396,false
four,9,3,1874029365,37,424477,20239,28375,false
four,9,4,5691784320,37,390161,18637,27998,false
four,9,5,8392760514,36,577721,25582,26511,false
four,9,6,4612780539,37,470519,21503,27533,false
four,9,7,8261384957,36,105869,5014,27229,false
four,9,8,2463075891,38,200042,10168,28671,false
four,9,9,9135874206,38,518263,23103,27288,false
four,9,10,7095231486,38,257266,12405,27169,false
four,9,11,9842301657,37,159730,7573,27343,false
four,9,12,2196735084,36,16102,727,26907,false
four,9,13,9067852413,37,359214,16078,26849,false
four,9,14,2405681973,37,582878,26428,27431,false
four,9,15,2738495106,37,207290,10676,28414,false
four,9,16,1069782534,38,131571,6136,27011,false
four,9,17,3018795246,36,57363,2297,26839,false
four,9,18,1736058429,37,14406,818,28077,false
four,9,19,6087432195,36,518688,23313,26798,false
four,9,20,4925731068,37,241761,10999,26748,false
four,9,21,3486027915,39,284932,13066,27154,false
four,9,22,6941372580,39,190360,9227,28189,false
four,9,23,1068243795,37,21910,1112,26731,false
four,9,24,1764028593,36,163501,7547,28737,false
four,9,25,3857069214,37,78745,3393,26863,false
four,9,26,9125784630,36,78485,4162,26833,false
four,9,27,7914823056,38,325708,14687,27278,false
four,9,28,1258360497,37,254175,11072,27447,false
four,9,29,7965023841,36,403469,18023,26706,false
four,11,1,4105328976,37,308436,14665,29072,false
four,11,1,6370951248,38,429503,21121,29697,false
four,11,2,9431657082,37,406980,20944,30161,false
four,11,3,1874029365,37,537862,25006,27964,false
four,11,4,5691784320,37,254119,12071,29437,false
four,11,5,8392760514,36,102162,5626,27151,false
four,11,6,4612780539,37,471982,23120,29768,false
four,11,7,8261384957,37,37958,2009,30025,false
four,11,8,2463075891,37,186294,9168,28815,false
four,11,9,9135874206,37,501300,23582,27846,false
four,11,10,7095231486,37,514699,25739,30073,false
four,11,11,9842301657,36,41044,2124,27584,false
four,11,12,2196735084,37,337304,17202,29377,false
four,11,13,9067852413,36,592645,29554,30061,false
four,11,14,2405681973,36,458270,22342,28718,false
four,11,15,2738495106,36,178066,7438,26536,false
four,11,16,1069782534,37,384963,18798,27874,false
four,11,17,3018795246,36,186318,8755,28653,false
four,11,18,1736058429,36,298519,14612,28880,false
four,11,19,6087432195,38,187804,8590,28516,false
four,11,20,4925731068,38,388540,17815,27667,false
four,11,21,3486027915,36,242667,11216,28021,false
four,11,22,6941372580,37,443055,20636,27142,false
four,11,23,1068243795,36,492497,21521,26132,false
four,11,24,1764028593,37,49266,2456,28901,false
four,11,25,3857069214,37,571236,26821,28152,false
four,11,26,9125784630,35,13304,799,29633,false
four,11,27,7914823056,35,557252,26674,28669,false
four,11,28,1258360497,36,31348,1318,28247,false
four,11,29,7965023841,36,37839,1755,28237,false
four,13,1,4105328976,39,81992,4077,30131,false
four,13,1,6370951248,37,413290,21528,31757,false
four,13,2,9431657082,37,364517,18630,31787,false
four,13,3,1874029365,37,384622,19450,30324,false
four,13,4,5691784320,36,568626,31600,32897,false
four,13,5,8392760514,36,185878,8998,29804,false
four,13,6,4612780539,37,474571,25875,31955,false
four,13,7,8261384957,38,469943,26114,34021,false
four,13,8,2463075891,37,560309,28701,31050,false
four,13,9,9135874206,36,458739,23812,30632,false
four,13,10,7095231486,37,429510,20134,28484,false
four,13,11,9842301657,36,115582,6793,30510,false
four,13,12,2196735084,37,198071,10070,31649,false
four,13,13,9067852413,36,78864,4113,29822,false
four,13,14,2405681973,37,10993,687,30137,false
four,13,15,2738495106,37,554131,27629,31061,false
four,13,16,1069782534,36,276457,13422,30758,false
four,13,17,3018795246,36,521325,26811,30508,false
four,13,18,1736058429,36,551788,31111,33974,false
four,13,19,6087432195,37,456500,25022,33131,false
four,13,20,4925731068,36,110741,6240,31102,false
four,13,21,3486027915,37,591255,29493,30063,false
four,13,22,6941372580,36,276201,13270,28740,false
four,13,23,1068243795,36,471126,24055,31100,false
four,13,24,1764028593,37,418182,21312,30392,false
four,13,25,3857069214,38,439799,21206,29725,false
four,13,26,9125784630,37,119581,6405,29324,false
four,13,27,7914823056,37,392881,20465,31075,false
four,13,28,1258360497,37,427742,22684,30745,false
four,13,29,7965023841,36,331168,16662,30130,false
four,15,1,4105328976,36,467431,23858,30642,false
four,15,1,6370951248,35,18352,975,30825,false
four,15,2,9431657082,36,347778,18113,31606,false
four,15,3,1874029365,36,405465,21231,31059,false
four,15,4,5691784320,36,327583,18273,32155,false
four,15,5,8392760514,37,87962,5783,32816,false
four,15,6,4612780539,36,242939,14036,34266,false
four,15,7,8261384957,36,76042,4433,31452,false
four,15,8,2463075891,37,67805,3974,33167,false
four,15,9,9135874206,38,251037,12724,30800,false
four,15,10,7095231486,38,594024,31426,31730,false
four,15,11,9842301657,37,347139,19260,32718,false
four,15,12,2196735084,37,348036,18620,32199,false
four,15,13,9067852413,36,250796,13823,32728,false
four,15,14,2405681973,37,66274,3638,31623,false
four,15,15,2738495106,37,317090,16927,31895,false
four,15,16,1069782534,36,509273,29292,33864,false
four,15,17,3018795246,35,291035,14762,31438,false
four,15,18,1736058429,36,259941,14379,32922,false
four,15,19,6087432195,37,424613,24377,34588,false
four,15,20,4925731068,36,106345,5760,31080,false
four,15,21,3486027915,37,489057,25970,31939,false
four,15,22,6941372580,37,417512,21371,30808,false
four,15,23,1068243795,36,28039,1628,31660,false
four,15,24,1764028593,37,498395,25919,31957,false
four,15,25,3857069214,38,11262,1053,31658,false
four,15,26,9125784630,37,374596,20200,32726,false
four,15,27,7914823056,36,131604,7116,31585,false
four,15,28,1258360497,36,192155,10720,32615,false
four,15,29,7965023841,36,271764,13644,30160,false
order,5,1,4105328976,38,345640,14025,24424,false
order,5,1,6370951248,38,160160,7238,24299,false
order,5,2,9431657082,38,104430,4420,24392,false
order,5,3,1874029365,38,411360,17057,24806,false
order,5,4,5691784320,38,539382,21678,24143,false
order,5,5,8392760514,38,377876,15458,24687,false
order,5,6,4612780539,38,360687,14767,24435,false
order,5,7,8261384957,38,102531,4475,24816,false
order,5,8,2463075891,38,74602,3363,24400,false
order,5,9,9135874206,38,139429,5950,24656,false
order,5,10,7095231486,38,430634,17603,24097,false
order,5,11,9842301657,38,552254,22043,24125,false
order,5,12,2196735084,38,467103,19471,24807,false
order,5,13,9067852413,38,133363,5675,24513,false
order,5,14,2405681973,38,84202,3675,24299,false
order,5,15,2738495106,38,547326,22591,24598,false
order,5,16,1069782534,38,42064,1917,24310,false
order,5,17,3018795246,38,284737,11918,24910,false
order,5,18,1736058429,38,546085,22357,24631,false
order,5,19,6087432195,38,103072,4351,23991,false
order,5,20,4925731068,41,314147,13065,24423,false
order,5,21,3486027915,38,171741,7047,24202,false
order,5,22,6941372580,38,6055,407,24399,false
order,5,23,1068243795,38,238956,9736,24337,false
order,5,24,1764028593,38,349502,14363,24693,false
order,5,25,3857069214,38,511024,21071,24578,false
order,5,26,9125784630,38,277044,11686,24864,false
order,5,27,7914823056,38,277690,11182,24387,false
order,5,28,1258360497,38,111150,5017,25140,false
order,5,29,7965023841,38,189837,7805,24267,false
order,7,1,4105328976,38,453016,20387,26954,false
order,7,1,6370951248,35,94587,4653,27522,false
order,7,2,9431657082,38,164768,7582,27519,false
order,7,3,1874029365,38,378377,17442,27574,false
order,7,4,5691784320,38,451052,20695,27572,false
order,7,5,8392760514,38,184875,8716,28145,false
order,7,6,4612780539,38,289500,12987,27019,false
order,7,7,8261384957,38,12378,699,27417,false
order,7,8,2463075891,38,356227,16475,27393,false
order,7,9,9135874206,38,454569,20747,27376,false
order,7,10,7095231486,38,197850,8973,27096,false
order,7,11,9842301657,40,7882,509,26125,false
order,7,12,2196735084,38,387283,17681,27930,false
order,7,13,9067852413,38,286891,12792,26784,false
order,7,14,2405681973,38,60380,3018,27008,false
order,7,15,2738495106,38,227109,10693,27501,false
order,7,16,1069782534,38,364382,16592,27237,false
order,7,17,3018795246,38,357029,16320,27476,false
order,7,18,1736058429,38,558654,25628,27443,false
order,7,19,6087432195,38,289101,13083,27326,false
order,7,20,4925731068,38,236294,11163,27671,false
order,7,21,3486027915,36,206727,9434,27067,false
order,7,22,6941372580,38,86666,4154,27506,false
order,7,23,1068243795,38,365043,16907,27836,false
order,7,24,1764028593,38,430266,19551,27473,false
order,7,25,3857069214,38,130132,6218,27318,false
order,7,26,9125784630,38,342242,16012,28061,false
order,7,27,7914823056,38,408463,18182,26784,false
order,7,28,1258360497,38,472072,21310,26944,false
order,7,29,7965023841,38,519565,23943,27704,false
order,9,1,4105328976,36,233751,11842,30096,false
order,9,1,6370951248,38,595171,30091,30358,false
order,9,2,9431657082,38,410865,20955,30402,false
order,9,3,1874029365,38,305354,16152,30906,false
order,9,4,5691784320,38,255448,12748,30355,false
order,9,5,8392760514,35,84064,4419,30191,false
order,9,6,4612780539,38,51367,2670,29687,false
order,9,7,8261384957,38,102441,5472,31221,false
order,9,8,2463075891,38,316617,15919,29764,false
order,9,9,9135874206,38,427410,21568,30214,false
order,9,10,7095231486,38,188892,9967,30188,false
order,9,11,9842301657,38,354047,16901,29134,false
order,9,12,2196735084,38,548509,27794,30280,false
order,9,13,9067852413,38,162407,8348,30197,false
order,9,14,2405681973,38,239202,12133,30963,false
order,9,15,2738495106,38,306489,15863,30230,false
order,9,16,1069782534,38,567596,28395,30004,false
order,9,17,3018795246,38,458301,23109,30096,false
order,9,18,1736058429,35,86291,4580,30646,false
order,9,19,6087432195,38,59350,3152,30563,false
order,9,20,4925731068,36,70476,3617,29735,false
order,9,21,3486027915,38,284180,14176,29446,false
order,9,22,6941372580,35,461105,23328,30449,false
order,9,23,1068243795,38,560755,27581,29502,false
order,9,24,1764028593,35,176226,9302,31093,false
order,9,25,3857069214,38,23719,1246,29790,false
order,9,26,9125784630,36,485616,25200,31064,false
order,9,27,7914823056,38,280082,14012,29752,false
order,9,28,1258360497,40,590707,30158,30695,false
order,9,29,7965023841,35,290662,14677,30590,false
order,11,1,4105328976,36,355579,19072,32794,false
order,11,1,6370951248,40,415524,23647,33904,false
order,11,2,9431657082,38,492544,27345,33374,false
order,11,3,1874029365,35,472406,25497,32222,false
order,11,4,5691784320,36,95617,5485,33031,false
order,11,5,8392760514,38,56836,3316,33459,false
order,11,6,4612780539,38,416355,22727,32439,false
order,11,7,8261384957,38,358939,20341,33161,false
order,11,8,2463075891,38,452869,25004,32892,false
order,11,9,9135874206,38,242868,13289,32975,false
order,11,10,7095231486,38,274923,15154,33173,false
order,11,11,9842301657,36,226238,12534,32681,false
order,11,12,2196735084,37,485503,26852,33205,false
order,11,13,9067852413,38,21016,1363,33045,false
order,11,14,2405681973,36,55869,3298,33156,false
order,11,15,2738495106,38,535698,29534,33059,false
order,11,16,1069782534,38,148377,8202,32906,false
order,11,17,3018795246,37,469016,25848,32744,false
order,11,18,1736058429,37,426606,23520,33212,false
order,11,19,6087432195,36,390950,21728,33621,false
order,11,20,4925731068,36,387295,20761,32614,false
order,11,21,3486027915,38,300079,15900,32175,false
order,11,22,6941372580,38,158031,8932,33363,false
order,11,23,1068243795,37,453443,24330,32180,false
order,11,24,1764028593,38,199913,11074,33503,false
order,11,25,3857069214,38,550193,30631,33435,false
order,11,26,9125784630,38,166164,9077,33202,false
order,11,27,7914823056,38,229251,12389,32787,false
order,11,28,1258360497,35,258773,13943,33169,false
order,11,29,7965023841,38,206689,11070,33433,false
order,13,1,4105328976,38,56224,3455,36717,false
order,13,1,6370951248,40,321470,20549,36916,false
order,13,2,9431657082,36,267865,16063,35577,false
order,13,3,1874029365,35,523167,31330,35899,false
order,13,4,5691784320,35,550268,32134,35128,false
order,13,5,8392760514,35,393693,23468,35781,false
order,13,6,4612780539,36,269793,16214,35516,false
order,13,7,8261384957,36,8749,715,36082,false
order,13,8,2463075891,38,337705,19984,35475,false
order,13,9,9135874206,38,307724,18653,36062,false
order,13,10,7095231486,35,212392,13237,36068,false
order,13,11,9842301657,35,163654,9952,35670,false
order,13,12,2196735084,38,385489,23745,36563,false
order,13,13,9067852413,36,533972,31800,35709,false
order,13,14,2405681973,38,539493,31798,35298,false
order,13,15,2738495106,38,456238,27511,36361,false
order,13,16,1069782534,36,213974,12662,35274,false
order,13,17,3018795246,35,112834,6550,35983,false
order,13,18,1736058429,36,402515,24281,36618,false
order,13,19,6087432195,38,226322,13614,35797,false
order,13,20,4925731068,35,296132,17771,35961,false
order,13,21,3486027915,35,49659,2933,34629,false
order,13,22,6941372580,38,150710,9010,36425,false
order,13,23,1068243795,36,449820,26056,35230,false
order,13,24,1764028593,35,277731,16257,35523,false
order,13,25,3857069214,38,273304,16337,35361,false
order,13,26,9125784630,38,488115,30155,36998,false
order,13,27,7914823056,36,143198,8480,35942,false
order,13,28,1258360497,34,131416,8017,36609,false
order,13,29,7965023841,38,120876,7398,36219,false
order,15,1,4105328976,36,167100,11038,38392,false
order,15,1,6370951248,35,355240,24241,40409,false
order,15,2,9431657082,36,278536,18819,40007,false
order,15,3,1874029365,37,562994,35562,37847,false
order,15,4,5691784320,35,509319,32430,37960,false
order,15,5,8392760514,35,183491,12345,39507,false
order,15,6,4612780539,38,359497,22687,37913,false
order,15,7,8261384957,34,281695,18204,37353,false
order,15,8,2463075891,37,226117,14591,38214,false
order,15,9,9135874206,38,105403,6779,37976,false
order,15,10,7095231486,35,514343,33336,38537,false
order,15,11,9842301657,38,76942,5089,37605,false
order,15,12,2196735084,37,117440,7532,38104,false
order,15,13,9067852413,36,518355,33036,38016,false
order,15,14,2405681973,34,35762,2528,38886,false
order,15,15,2738495106,38,400213,26498,39409,false
order,15,16,1069782534,38,108483,7156,37911,false
order,15,17,3018795246,35,506331,32472,38424,false
order,15,18,1736058429,38,89291,5604,38661,false
order,15,19,6087432195,38,210945,13391,38829,false
order,15,20,4925731068,35,67571,4386,37679,false
order,15,21,3486027915,36,257576,16137,38012,false
order,15,22,6941372580,38,332792,21056,37987,false
order,15,23,1068243795,36,97243,6437,38297,false
order,15,24,1764028593,36,280411,17669,38423,false
order,15,25,3857069214,35,176895,11147,38258,false
order,15,26,9125784630,36,40451,2460,38553,false
order,15,27,7914823056,35,431133,27633,38397,false
order,15,28,1258360497,36,222603,14359,39193,false
order,15,29,7965023841,35,528825,34877,39336,false
ranges,5,1,4105328976,42,269303,16082,33521,false
ranges,5,1,6370951248,42,45457,3051,35837,false
ranges,5,2,9431657082,42,13002,955,34262,false
ranges,5,3,1874029365,42,146397,8373,34475,false
ranges,5,4,5691784320,42,28721,1520,32592,false
ranges,5,5,8392760514,42,80787,4480,32081,false
ranges,5,6,4612780539,42,584029,33606,34435,false
ranges,5,7,8261384957,42,563803,30970,32752,false
ranges,5,8,2463075891,42,94601,5425,35684,false
ranges,5,9,9135874206,42,309953,17829,35482,false
ranges,5,10,7095231486,42,229105,11193,31196,false
ranges,5,11,9842301657,42,567793,32204,34166,false
ranges,5,12,2196735084,42,312413,19253,36052,false
ranges,5,13,9067852413,42,246406,15982,35290,false
ranges,5,14,2405681973,42,131239,6870,32361,false
ranges,5,15,2738495106,42,126150,7731,34973,false
ranges,5,16,1069782534,42,270002,16941,35227,false
ranges,5,17,3018795246,42,41747,3118,36311,false
ranges,5,18,1736058429,42,64225,3484,34104,false
ranges,5,19,6087432195,42,450342,24822,32722,false
ranges,5,20,4925731068,42,272268,16142,34332,false
ranges,5,21,3486027915,42,214450,12640,33560,false
ranges,5,22,6941372580,42,306887,18123,33215,false
ranges,5,23,1068243795,42,78346,5114,35205,false
ranges,5,24,1764028593,42,68750,3383,32264,false
ranges,5,25,3857069214,42,584373,34550,35358,false
ranges,5,26,9125784630,42,87434,4363,35839,false
ranges,5,27,7914823056,42,589031,31838,32452,false
ranges,5,28,1258360497,42,325468,18199,34333,false
ranges,5,29,7965023841,42,347556,19352,33786,false
ranges,7,1,4105328976,42,259010,14803,34166,false
ranges,7,1,6370951248,42,324312,19647,35642,false
ranges,7,2,9431657082,42,204528,11765,34193,false
ranges,7,3,1874029365,42,61201,3476,34793,false
ranges,7,4,5691784320,42,342326,19805,34066,false
ranges,7,5,8392760514,42,41153,2668,36985,false
ranges,7,6,4612780539,42,268942,15753,34258,false
ranges,7,7,8261384957,42,391951,22307,35254,false
ranges,7,8,2463075891,42,503497,28674,33654,false
ranges,7,9,9135874206,42,308205,18216,35029,false
ranges,7,10,7095231486,42,574671,33423,35087,false
ranges,7,11,9842301657,42,44371,3294,36514,false
ranges,7,12,2196735084,42,262519,16433,36093,false
ranges,7,13,9067852413,42,325958,18729,33210,false
ranges,7,14,2405681973,42,20387,1233,36214,false
ranges,7,15,2738495106,42,63585,3745,35907,false
ranges,7,16,1069782534,42,324950,19205,34127,false
ranges,7,17,3018795246,42,270986,15881,34430,false
ranges,7,18,1736058429,42,8561,698,34662,false
ranges,7,19,6087432195,42,177801,10502,35532,false
ranges,7,20,4925731068,42,586324,34851,35512,false
ranges,7,21,3486027915,42,296270,18172,36475,false
ranges,7,22,6941372580,42,597903,34288,34423,false
ranges,7,23,1068243795,42,17516,1145,36814,false
ranges,7,24,1764028593,42,47540,2600,35932,false
ranges,7,25,3857069214,42,241251,15122,36531,false
ranges,7,26,9125784630,42,477526,28551,35672,false
ranges,7,27,7914823056,42,396431,23418,35343,false
ranges,7,28,1258360497,42,398997,23327,36131,false
ranges,7,29,7965023841,42,238896,14055,35953,false
ranges,9,1,4105328976,42,581734,36666,37870,false
ranges,9,1,6370951248,42,126025,8076,37746,false
ranges,9,2,9431657082,42,16826,1075,37244,false
ranges,9,3,1874029365,42,37411,2114,35912,false
ranges,9,4,5691784320,42,350068,21274,35942,false
ranges,9,5,8392760514,42,304333,18468,36642,false
ranges,9,6,4612780539,42,355394,22005,36915,false
ranges,9,7,8261384957,42,287497,17314,36987,false
ranges,9,8,2463075891,42,186718,11230,36555,false
ranges,9,9,9135874206,42,329699,20726,35992,false
ranges,9,10,7095231486,42,350031,21793,37741,false
ranges,9,11,9842301657,42,26406,1988,36856,false
ranges,9,12,2196735084,42,177602,10630,36527,false
ranges,9,13,9067852413,42,92799,6301,38607,false
ranges,9,14,2405681973,42,42258,2334,37069,false
ranges,9,15,2738495106,42,252758,15379,36061,false
ranges,9,16,1069782534,42,178793,11877,37732,false
ranges,9,17,3018795246,42,375079,22113,36529,false
ranges,9,18,1736058429,42,538988,33275,36457,false
ranges,9,19,6087432195,42,353792,22071,36647,false
ranges,9,20,4925731068,42,177985,10951,36191,false
ranges,9,21,3486027915,42,13871,953,35773,false
ranges,9,22,6941372580,42,332731,19880,36363,false
ranges,9,23,1068243795,42,46463,3298,37498,false
ranges,9,24,1764028593,42,20021,1339,37604,false
ranges,9,25,3857069214,42,39047,2657,36507,false
ranges,9,26,9125784630,42,32199,1901,36846,false
ranges,9,27,7914823056,42,596398,34826,35067,false
ranges,9,28,1258360497,42,178108,10906,35219,false
ranges,9,29,7965023841,42,214640,13902,36299,false
ranges,11,1,4105328976,42,564500,35124,37162,false
ranges,11,1,6370951248,42,67903,4288,38106,false
ranges,11,2,9431657082,42,111499,6985,37712,false
ranges,11,3,1874029365,42,28442,1661,36031,false
ranges,11,4,5691784320,42,281824,16390,34495,false
ranges,11,5,8392760514,42,573042,36567,38415,false
ranges,11,6,4612780539,42,230056,14735,36667,false
ranges,11,7,8261384957,42,566451,34359,36239,false
ranges,11,8,2463075891,42,107516,6159,37909,false
ranges,11,9,9135874206,42,303987,17273,35092,false
ranges,11,10,7095231486,42,42616,2834,36887,false
ranges,11,11,9842301657,42,113367,6369,36153,false
ranges,11,12,2196735084,42,542209,34969,38585,false
ranges,11,13,9067852413,42,103908,6834,36683,false
ranges,11,14,2405681973,42,42973,3103,37102,false
ranges,11,15,2738495106,42,280218,17751,37805,false
ranges,11,16,1069782534,42,324864,20046,37213,false
ranges,11,17,3018795246,42,281101,17612,38113,false
ranges,11,18,1736058429,42,194213,13695,39393,false
ranges,11,19,6087432195,42,254813,16456,39607,false
ranges,11,20,4925731068,42,23158,1437,36922,false
ranges,11,21,3486027915,42,314600,19594,38025,false
ranges,11,22,6941372580,42,592891,35738,36130,false
ranges,11,23,1068243795,42,373180,23560,37200,false
ranges,11,24,1764028593,42,351150,22559,38713,false
ranges,11,25,3857069214,42,79308,5072,38238,false
ranges,11,26,9125784630,42,458697,28708,36723,false
ranges,11,27,7914823056,42,35429,2093,37207,false
ranges,11,28,1258360497,42,276074,18888,38280,false
ranges,11,29,7965023841,42,144918,9301,36413,false
ranges,13,1,4105328976,42,57807,3985,37796,false
ranges,13,1,6370951248,42,159263,10985,40773,false
ranges,13,2,9431657082,42,165341,10952,38446,false
ranges,13,3,1874029365,42,37001,2320,36931,false
ranges,13,4,5691784320,42,49843,4115,38901,false
ranges,13,5,8392760514,42,264642,17588,39002,false
ranges,13,6,4612780539,42,267284,17330,38068,false
ranges,13,7,8261384957,42,248504,15611,37318,false
ranges,13,8,2463075891,42,88393,5171,39560,false
ranges,13,9,9135874206,42,12645,861,41504,false
ranges,13,10,7095231486,42,102451,6144,37760,false
ranges,13,11,9842301657,42,585712,38086,39061,false
ranges,13,12,2196735084,42,206219,12251,38403,false
ranges,13,13,9067852413,42,61338,4328,39906,false
ranges,13,14,2405681973,42,514075,33358,38679,false
ranges,13,15,2738495106,42,247866,16642,39006,false
ranges,13,16,1069782534,42,374032,24820,39663,false
ranges,13,17,3018795246,42,321011,22593,40790,false
ranges,13,18,1736058429,42,19306,1375,39114,false
ranges,13,19,6087432195,42,531370,35390,39119,false
ranges,13,20,4925731068,42,39646,2763,37134,false
ranges,13,21,3486027915,42,572751,37151,38548,false
ranges,13,22,6941372580,42,596508,37966,38311,false
ranges,13,23,1068243795,42,45056,3273,36877,false
ranges,13,24,1764028593,42,327594,20753,39425,false
ranges,13,25,3857069214,42,342118,22300,39532,false
ranges,13,26,9125784630,42,275778,17628,39418,false
ranges,13,27,7914823056,42,22266,1371,38308,false
ranges,13,28,1258360497,42,94077,5589,38299,false
ranges,13,29,7965023841,42,36967,2048,38318,false
ranges,15,1,4105328976,42,58869,4534,40858,false
ranges,15,1,6370951248,42,30822,2176,41654,false
ranges,15,2,9431657082,42,117242,7413,38048,false
ranges,15,3,1874029365,42,164979,10892,38668,false
ranges,15,4,5691784320,42,59901,4246,40586,false
ranges,15,5,8392760514,42,228322,15132,39517,false
ranges,15,6,4612780539,42,301711,19695,39925,false
ranges,15,7,8261384957,42,43203,3130,39236,false
ranges,15,8,2463075891,42,214348,14224,40839,false
ranges,15,9,9135874206,42,8365,669,42698,false
ranges,15,10,7095231486,42,95166,6469,38632,false
ranges,15,11,9842301657,42,87662,6195,42135,false
ranges,15,12,2196735084,42,217464,14784,41740,false
ranges,15,13,9067852413,42,170844,11933,39571,false
ranges,15,14,2405681973,42,53471,3700,39507,false
ranges,15,15,2738495106,42,232997,15841,40947,false
ranges,15,16,1069782534,42,370141,32751,51522,false
ranges,15,17,3018795246,42,58314,3836,48077,false
ranges,15,18,1736058429,42,347685,31512,52425,false
ranges,15,19,6087432195,42,27608,2458,41291,false
ranges,15,20,4925731068,42,597856,47497,47800,false
ranges,15,21,3486027915,42,350346,30283,58259,false
ranges,15,22,6941372580,42,254495,19313,46038,false
ranges,15,23,1068243795,42,334204,29330,57266,false
ranges,15,24,1764028593,42,71271,7967,47663,false
ranges,15,25,3857069214,42,512343,35142,42483,false
ranges,15,26,9125784630,42,538084,41226,46030,false
ranges,15,27,7914823056,42,92067,12093,56495,false
ranges,15,28,1258360497,42,326520,24330,47232,false
ranges,15,29,7965023841,42,131402,8596,40271,false
triples,5,1,4105328976,31,198732,13490,35741,false
triples,5,1,6370951248,32,268351,15472,34940,false
triples,5,2,9431657082,31,380096,21646,32392,false
triples,5,3,1874029365,31,73946,3833,33875,false
triples,5,4,5691784320,30,386678,23973,36079,false
triples,5,5,8392760514,31,227196,13455,30410,false
triples,5,6,4612780539,30,50398,3379,35003,false
triples,5,7,8261384957,30,342847,20340,34977,false
triples,5,8,2463075891,30,414283,25213,33807,false
triples,5,9,9135874206,30,143280,8917,33476,false
triples,5,10,7095231486,30,386991,23116,34796,false
triples,5,11,9842301657,30,456152,26532,35734,false
triples,5,12,2196735084,30,316317,16858,31592,false
triples,5,13,9067852413,30,206939,12619,36608,false
triples,5,14,2405681973,31,56072,2849,32720,false
triples,5,15,2738495106,31,571252,34733,36330,false
triples,5,16,1069782534,31,2784,320,47007,false
triples,5,17,3018795246,30,550089,35642,38826,false
triples,5,18,1736058429,31,577096,38107,39383,false
triples,5,19,6087432195,31,553011,38469,41498,false
triples,5,20,4925731068,30,131039,9500,33826,false
triples,5,21,3486027915,30,248918,12428,33196,false
triples,5,22,6941372580,31,437695,23881,31959,false
triples,5,23,1068243795,31,309482,19223,35722,false
triples,5,24,1764028593,30,26910,1831,36478,false
triples,5,25,3857069214,31,542678,35777,39389,false
triples,5,26,9125784630,30,68194,4938,39274,false
triples,5,27,7914823056,31,375211,26895,39590,false
triples,5,28,1258360497,30,515157,28594,34302,false
triples,5,29,7965023841,31,333026,16044,27993,false
triples,7,1,4105328976,31,348123,19053,32487,false
triples,7,1,6370951248,30,71931,4219,32034,false
triples,7,2,9431657082,32,489449,26931,32867,false
triples,7,3,1874029365,30,128079,7621,32848,false
triples,7,4,5691784320,31,437043,23616,32507,false
triples,7,5,8392760514,31,176791,9609,32214,false
triples,7,6,4612780539,31,437319,23883,32208,false
triples,7,7,8261384957,31,479726,25989,33037,false
triples,7,8,2463075891,31,541830,29142,32239,false
triples,7,9,9135874206,30,402819,22143,32370,false
triples,7,10,7095231486,31,442129,23397,31479,false
triples,7,11,9842301657,31,242229,13011,31951,false
triples,7,12,2196735084,31,583487,30532,31461,false
triples,7,13,9067852413,31,486416,27070,33749,false
triples,7,14,2405681973,32,220692,11781,38246,false
triples,7,15,2738495106,31,519828,39778,44069,false
triples,7,16,1069782534,30,359420,19718,33838,false
triples,7,17,3018795246,31,263208,14389,32647,false
triples,7,18,1736058429,31,65883,4012,37222,false
triples,7,19,6087432195,31,467550,37990,45784,false
triples,7,20,4925731068,31,420872,28171,38837,false
triples,7,21,3486027915,30,232403,15254,35123,false
triples,7,22,6941372580,30,501165,29674,35073,false
triples,7,23,1068243795,31,551310,30971,34080,false
triples,7,24,1764028593,31,315670,21626,40309,false
triples,7,25,3857069214,30,192902,13002,37647,false
triples,7,26,9125784630,30,568117,39215,41575,false
triples,7,27,7914823056,31,442060,30681,39144,false
triples,7,28,1258360497,31,319901,18481,34010,false
triples,7,29,7965023841,31,585478,31407,32177,false
triples,9,1,4105328976,31,453921,28327,37088,false
triples,9,1,6370951248,31,518700,31701,36517,false
triples,9,2,9431657082,32,62582,4198,35913,false
triples,9,3,1874029365,31,43407,2964,36450,false
triples,9,4,5691784320,31,551624,33116,36125,false
triples,9,5,8392760514,32,213771,13493,36261,false
triples,9,6,4612780539,31,592234,35770,36258,false
triples,9,7,8261384957,30,3574,366,35836,false
triples,9,8,2463075891,31,461970,28246,36656,false
triples,9,9,9135874206,31,554228,33737,36625,false
triples,9,10,7095231486,31,505029,29966,35876,false
triples,9,11,9842301657,31,568411,35003,36847,false
triples,9,12,2196735084,31,490382,29338,36061,false
triples,9,13,9067852413,32,241514,15033,38531,false
triples,9,14,2405681973,31,407526,25410,37026,false
triples,9,15,2738495106,30,410936,24781,37127,false
triples,9,16,1069782534,31,391930,23516,36066,false
triples,9,17,3018795246,30,270495,16648,36219,false
triples,9,18,1736058429,31,512860,31359,36480,false
triples,9,19,6087432195,30,396197,23875,36006,false
triples,9,20,4925731068,32,438229,26580,36398,false
triples,9,21,3486027915,32,158397,9621,36517,false
triples,9,22,6941372580,30,160581,10606,37565,false
triples,9,23,1068243795,31,589214,36204,36881,false
triples,9,24,1764028593,31,199223,12417,36614,false
triples,9,25,3857069214,31,534464,32376,36186,false
triples,9,26,9125784630,31,488170,29644,36598,false
triples,9,27,7914823056,31,481582,28042,35347,false
triples,9,28,1258360497,31,157903,10088,36726,false
triples,9,29,7965023841,32,89105,5537,36527,false
triples,11,1,4105328976,32,126917,8535,40265,false
triples,11,1,6370951248,32,172047,11731,39492,false
triples,11,2,9431657082,32,101963,6938,39521,false
triples,11,3,1874029365,32,451901,29851,39616,false
triples,11,4,5691784320,31,25868,1937,39838,false
triples,11,5,8392760514,32,194086,13633,40222,false
triples,11,6,4612780539,31,51397,3644,39636,false
triples,11,7,8261384957,32,336246,22448,39358,false
triples,11,8,2463075891,31,127177,8035,38013,false
triples,11,9,9135874206,31,499116,32597,38875,false
triples,11,10,7095231486,31,237538,15540,38023,false
triples,11,11,9842301657,32,444631,29008,38673,false
triples,11,12,2196735084,32,355505,22835,38515,false
triples,11,13,9067852413,32,594541,37918,38217,false
triples,11,14,2405681973,31,476956,30614,38407,false
triples,11,15,2738495106,32,523177,33423,38294,false
triples,11,16,1069782534,31,271633,17390,38006,false
triples,11,17,3018795246,31,162948,10729,38429,false
triples,11,18,1736058429,31,374177,24722,39171,false
triples,11,19,6087432195,31,454429,29257,38580,false
triples,11,20,4925731068,32,76534,5029,38908,false
triples,11,21,3486027915,32,34034,2291,38197,false
triples,11,22,6941372580,32,41520,2922,38536,false
triples,11,23,1068243795,31,342882,22216,38317,false
triples,11,24,1764028593,31,434069,28077,38296,false
triples,11,25,3857069214,32,16011,1096,38243,false
triples,11,26,9125784630,32,480782,31169,38386,false
triples,11,27,7914823056,31,174625,11428,38777,false
triples,11,28,1258360497,31,340432,21615,38039,false
triples,11,29,7965023841,31,239684,15875,38498,false
triples,13,1,4105328976,32,526125,36289,41264,false
triples,13,1,6370951248,31,210088,15030,42143,false
triples,13,2,9431657082,33,202812,14329,41908,false
triples,13,3,1874029365,31,554785,38326,41339,false
triples,13,4,5691784320,32,342337,23675,41887,false
triples,13,5,8392760514,32,578938,39955,41344,false
triples,13,6,4612780539,32,79045,5726,41901,false
triples,13,7,8261384957,32,433235,30247,41723,false
triples,13,8,2463075891,32,310762,21470,41756,false
triples,13,9,9135874206,31,338246,24363,42637,false
triples,13,10,7095231486,31,94999,6651,41504,false
triples,13,11,9842301657,31,152306,10657,41520,false
triples,13,12,2196735084,31,583617,40551,41694,false
triples,13,13,9067852413,32,396797,27350,41403,false
triples,13,14,2405681973,32,278754,19490,41740,false
triples,13,15,2738495106,32,313097,22023,41483,false
triples,13,16,1069782534,32,72594,5056,41250,false
triples,13,17,3018795246,32,355630,24632,41104,false
triples,13,18,1736058429,32,129488,9293,41574,false
triples,13,19,6087432195,32,88935,6434,41657,false
triples,13,20,4925731068,31,373009,26159,42154,false
triples,13,21,3486027915,31,311126,20844,40584,false
triples,13,22,6941372580,31,374198,26027,41329,false
triples,13,23,1068243795,31,400490,28068,42075,false
triples,13,24,1764028593,32,312191,22043,42316,false
triples,13,25,3857069214,31,334124,23245,41714,false
triples,13,26,9125784630,31,442939,31038,41679,false
triples,13,27,7914823056,31,291239,20436,41902,false
triples,13,28,1258360497,32,361918,25191,41554,false
triples,13,29,7965023841,31,346270,24123,41530,false
triples,15,1,4105328976,31,222460,16738,44445,false
triples,15,1,6370951248,31,363372,27369,45081,false
triples,15,2,9431657082,32,468408,34827,44435,false
triples,15,3,1874029365,31,256140,19199,44854,false
triples,15,4,5691784320,32,503926,37735,44902,false
triples,15,5,8392760514,31,454855,34345,44612,false
triples,15,6,4612780539,32,56406,4414,44233,false
triples,15,7,8261384957,31,473801,35353,44330,false
triples,15,8,2463075891,32,450610,33339,44324,false
triples,15,9,9135874206,32,329415,24801,44793,false
triples,15,10,7095231486,32,380678,28105,44202,false
triples,15,11,9842301657,32,598909,45310,45387,false
triples,15,12,2196735084,32,437245,32988,45102,false
triples,15,13,9067852413,33,207820,15435,45190,false
triples,15,14,2405681973,32,355688,26374,44083,false
triples,15,15,2738495106,32,23209,1885,44943,false
triples,15,16,1069782534,31,293462,21785,44239,false
triples,15,17,3018795246,32,574240,42528,44441,false
triples,15,18,1736058429,33,23850,1958,45345,false
triples,15,19,6087432195,32,85605,6650,45407,false
triples,15,20,4925731068,32,379435,28606,44995,false
triples,15,21,3486027915,30,143715,10875,44836,false
triples,15,22,6941372580,32,26066,2060,44829,false
triples,15,23,1068243795,31,361718,27467,44894,false
triples,15,24,1764028593,32,341552,25837,45055,false
triples,15,25,3857069214,32,415353,31307,45171,false
triples,15,26,9125784630,32,19733,1544,44375,false
triples,15,27,7914823056,33,537567,40839,45543,false
triples,15,28,1258360497,32,309543,23342,45522,false
triples,15,29,7965023841,32,571296,45158,47296,false
words,5,1,4105328976,35,401505,27383,41722,false
words,5,1,6370951248,35,96712,7620,43989,false
words,5,2,9431657082,35,576247,41556,43173,false
words,5,3,1874029365,34,15610,1102,45217,false
words,5,4,5691784320,35,415210,29744,44335,false
words,5,5,8392760514,35,290559,21687,43877,false
words,5,6,4612780539,36,487764,36044,44186,false
words,5,7,8261384957,35,76986,5592,43979,false
words,5,8,2463075891,35,118632,9887,45167,false
words,5,9,9135874206,35,302676,21987,43848,false
words,5,10,7095231486,35,543461,39582,43795,false
words,5,11,9842301657,35,157179,11278,41208,false
words,5,12,2196735084,35,360911,26681,43297,false
words,5,13,9067852413,35,523969,38197,43496,false
words,5,14,2405681973,35,530157,39254,44441,false
words,5,15,2738495106,35,309930,23903,44845,false
words,5,16,1069782534,35,572026,40023,42051,false
words,5,17,3018795246,36,370817,26933,42634,false
words,5,18,1736058429,35,195017,14066,42131,false
words,5,19,6087432195,35,590527,42777,43455,false
words,5,20,4925731068,35,327187,23933,41952,false
words,5,21,3486027915,35,289487,21081,42813,false
words,5,22,6941372580,35,343702,24626,42221,false
words,5,23,1068243795,35,22869,1939,43302,false
words,5,24,1764028593,34,554077,39189,42668,false
words,5,25,3857069214,35,18847,1755,43353,false
words,5,26,9125784630,35,135890,9250,41419,false
words,5,27,7914823056,35,179415,12787,42562,false
words,5,28,1258360497,35,245163,16806,41800,false
words,5,29,7965023841,35,400449,27617,40774,false
words,7,1,4105328976,35,195331,15416,45096,false
words,7,1,6370951248,33,597089,43851,44009,false
words,7,2,9431657082,35,381584,28262,43151,false
words,7,3,1874029365,36,581100,42647,44293,false
words,7,4,5691784320,35,381328,27650,43603,false
words,7,5,8392760514,34,387163,29836,45231,false
words,7,6,4612780539,35,584368,41762,42789,false
words,7,7,8261384957,35,156936,10938,43144,false
words,7,8,2463075891,35,166291,12106,43349,false
words,7,9,9135874206,35,208394,15926,43805,false
words,7,10,7095231486,35,130855,10149,43344,false
words,7,11,9842301657,35,243592,17596,42343,false
words,7,12,2196735084,35,226992,15981,42608,false
words,7,13,9067852413,35,250022,17454,42749,false
words,7,14,2405681973,35,183849,13365,42909,false
words,7,15,2738495106,34,343824,25550,43700,false
words,7,16,1069782534,35,366630,26287,42751,false
words,7,17,3018795246,35,569953,41720,43917,false
words,7,18,1736058429,34,184808,13324,43505,false
words,7,19,6087432195,35,429889,29789,42093,false
words,7,20,4925731068,35,59121,4594,44034,false
words,7,21,3486027915,35,551616,40302,43543,false
words,7,22,6941372580,34,52680,3860,44047,false
words,7,23,1068243795,34,219947,16737,44415,false
words,7,24,1764028593,34,175371,12024,44242,false
words,7,25,3857069214,35,438304,30316,42000,false
words,7,26,9125784630,35,280044,19367,42198,false
words,7,27,7914823056,35,52499,4072,42868,false
words,7,28,1258360497,33,314876,22180,42615,false
words,7,29,7965023841,35,598105,42701,42824,false
words,9,1,4105328976,35,377733,29067,45019,false
words,9,1,6370951248,35,133641,10884,45168,false
words,9,2,9431657082,34,302825,23675,46586,false
words,9,3,1874029365,34,21478,1717,44065,false
words,9,4,5691784320,35,152422,11975,45969,false
words,9,5,8392760514,35,168298,13137,44977,false
words,9,6,4612780539,35,165872,13416,46572,false
words,9,7,8261384957,35,58663,4904,45502,false
words,9,8,2463075891,34,280788,22152,46032,false
words,9,9,9135874206,35,15050,1301,44903,false
words,9,10,7095231486,34,430422,33283,46967,false
words,9,11,9842301657,35,215730,15818,44500,false
words,9,12,2196735084,35,570194,42312,44443,false
words,9,13,9067852413,35,353415,27356,46473,false
words,9,14,2405681973,35,381889,29978,46669,false
words,9,15,2738495106,35,584200,45262,46435,false
words,9,16,1069782534,36,293720,23051,46675,false
words,9,17,3018795246,36,25502,2349,46069,false
words,9,18,1736058429,35,87450,6605,47271,false
words,9,19,6087432195,35,384524,29886,46582,false
words,9,20,4925731068,35,49494,4345,48111,false
words,9,21,3486027915,35,499026,37501,45053,false
words,9,22,6941372580,33,3310,326,46899,false
words,9,23,1068243795,35,564021,43109,45832,false
words,9,24,1764028593,35,443379,35090,47429,false
words,9,25,3857069214,35,395623,30399,45768,false
words,9,26,9125784630,35,409497,32552,46868,false
words,9,27,7914823056,35,552244,43809,47746,false
words,9,28,1258360497,35,578823,44278,45753,false
words,9,29,7965023841,35,397610,31631,46814,false
words,11,1,4105328976,35,223860,18837,48774,false
words,11,1,6370951248,35,495247,40154,49029,false
words,11,2,9431657082,35,412244,35035,50714,false
words,11,3,1874029365,34,488867,40456,48942,false
words,11,4,5691784320,34,575906,46252,48143,false
words,11,5,8392760514,34,210520,17226,48886,false
words,11,6,4612780539,35,540141,44466,49492,false
words,11,7,8261384957,35,285523,23869,49235,false
words,11,8,2463075891,34,482627,39489,48565,false
words,11,9,9135874206,35,465225,39099,49594,false
words,11,10,7095231486,35,146928,12559,48971,false
words,11,11,9842301657,35,416971,33399,48916,false
words,11,12,2196735084,35,270056,21593,48881,false
words,11,13,9067852413,36,419778,35312,50487,false
words,11,14,2405681973,35,248971,19682,48097,false
words,11,15,2738495106,35,182878,15197,49057,false
words,11,16,1069782534,35,419360,34258,48666,false
words,11,17,3018795246,35,589585,47884,48712,false
words,11,18,1736058429,34,269617,22641,49937,false
words,11,19,6087432195,35,289480,22875,48068,false
words,11,20,4925731068,35,517799,42021,48733,false
words,11,21,3486027915,35,50920,4237,47898,false
words,11,22,6941372580,35,143008,11839,48370,false
words,11,23,1068243795,35,338286,26767,47773,false
words,11,24,1764028593,34,572251,46363,48302,false
words,11,25,3857069214,35,67252,6139,48146,false
words,11,26,9125784630,36,433600,35642,48701,false
words,11,27,7914823056,35,120386,10368,49284,false
words,11,28,1258360497,34,50687,4218,47662,false
words,11,29,7965023841,34,39664,3351,47804,false
words,13,1,4105328976,35,321007,26579,49234,false
words,13,1,6370951248,35,58730,5506,50789,false
words,13,2,9431657082,35,19833,2122,52751,false
words,13,3,1874029365,35,79181,7407,52803,false
words,13,4,5691784320,35,576516,49880,51629,false
words,13,5,8392760514,35,444753,38797,52526,false
words,13,6,4612780539,34,593397,51946,52549,false
words,13,7,8261384957,35,535625,46226,52402,false
words,13,8,2463075891,35,10516,1222,52577,false
words,13,9,9135874206,34,13741,1193,50931,false
words,13,10,7095231486,35,416153,36416,52773,false
words,13,11,9842301657,35,119015,10358,49996,false
words,13,12,2196735084,35,288344,23400,49353,false
words,13,13,9067852413,35,183045,17185,53977,false
words,13,14,2405681973,35,592855,50877,51405,false
words,13,15,2738495106,35,221991,19572,53634,false
words,13,16,1069782534,37,132604,11201,52318,false
words,13,17,3018795246,35,6225,680,51483,false
words,13,18,1736058429,35,170666,15330,52830,false
words,13,19,6087432195,35,206803,18377,53383,false
words,13,20,4925731068,34,67921,6104,51668,false
words,13,21,3486027915,34,267412,23283,49343,false
words,13,22,6941372580,34,244264,20917,51377,false
words,13,23,1068243795,35,322927,27567,50797,false
words,13,24,1764028593,35,67689,6454,52127,false
words,13,25,3857069214,35,402299,34545,51590,false
words,13,26,9125784630,35,217577,18732,52441,false
words,13,27,7914823056,34,259525,22262,50591,false
words,13,28,1258360497,35,273220,24053,50602,false
words,13,29,7965023841,35,184695,17025,52182,false
words,15,1,4105328976,35,321667,28672,54525,false
words,15,1,6370951248,34,360342,32864,54003,false
words,15,2,9431657082,36,553666,47830,51799,false
words,15,3,1874029365,35,534004,45990,52725,false
words,15,4,5691784320,34,14149,1157,55488,false
words,15,5,8392760514,34,546221,50616,55439,false
words,15,6,4612780539,35,250833,23447,55357,false
words,15,7,8261384957,35,84433,6854,52805,false
words,15,8,2463075891,36,257889,23105,53611,false
words,15,9,9135874206,35,43492,3882,55920,false
words,15,10,7095231486,35,288520,27845,57075,false
words,15,11,9842301657,35,214904,19832,53808,false
words,15,12,2196735084,34,566473,49958,52892,false
words,15,13,9067852413,34,541789,49009,53802,false
words,15,14,2405681973,35,29832,3247,56112,false
words,15,15,2738495106,35,71628,7423,57776,false
words,15,16,1069782534,34,570973,51210,53988,false
words,15,17,3018795246,35,6225,654,53591,false
words,15,18,1736058429,35,381026,33608,54184,false
words,15,19,6087432195,34,566631,51728,54556,false
words,15,20,4925731068,34,272182,24965,54333,false
words,15,21,3486027915,35,40349,3279,54311,false
words,15,22,6941372580,35,65411,6625,53586,false
words,15,23,1068243795,36,437975,42171,56092,false
words,15,24,1764028593,35,287916,25128,51810,false
words,15,25,3857069214,35,597625,50816,51026,false
words,15,26,9125784630,34,23087,2339,53847,false
words,15,27,7914823056,33,323270,29600,53268,false
words,15,28,1258360497,34,556493,50985,55143,false
words,15,29,7965023841,34,303809,28370,56193,false
anchors,5,1,4105328976,42,10276,798,33348,false
anchors,5,1,6370951248,42,2965,275,32892,false
anchors,5,2,9431657082,42,393197,21728,32850,false
anchors,5,3,1874029365,42,161941,9400,33349,false
anchors,5,4,5691784320,42,143659,8069,32124,false
anchors,5,5,8392760514,42,218852,12215,33605,false
anchors,5,6,4612780539,42,6815,549,32567,false
anchors,5,7,8261384957,42,360186,20095,33390,false
anchors,5,8,2463075891,42,264947,15198,33312,false
anchors,5,9,9135874206,42,335893,18907,33345,false
anchors,5,10,7095231486,42,70048,3985,32859,false
anchors,5,11,9842301657,42,136795,7345,32552,false
anchors,5,12,2196735084,42,55286,3137,33058,false
anchors,5,13,9067852413,42,126294,6853,32558,false
anchors,5,14,2405681973,42,434788,23552,32325,false
anchors,5,15,2738495106,42,145209,8384,33379,false
anchors,5,16,1069782534,42,321459,17266,32371,false
anchors,5,17,3018795246,42,73283,4002,33098,false
anchors,5,18,1736058429,42,430790,23219,32675,false
anchors,5,19,6087432195,42,46599,2711,32534,false
anchors,5,20,4925731068,42,257532,14374,32832,false
anchors,5,21,3486027915,42,6489,482,33447,false
anchors,5,22,6941372580,42,533710,29503,33278,false
anchors,5,23,1068243795,42,168724,9590,33372,false
anchors,5,24,1764028593,42,330898,18241,32871,false
anchors,5,25,3857069214,42,31975,1957,33561,false
anchors,5,26,9125784630,42,282030,15782,33482,false
anchors,5,27,7914823056,42,308924,16797,32652,false
anchors,5,28,1258360497,42,394159,22069,33512,false
anchors,5,29,7965023841,42,570340,31492,33223,false
anchors,7,1,4105328976,42,241278,14818,36098,false
anchors,7,1,6370951248,42,320726,19053,36268,false
anchors,7,2,9431657082,42,133098,8495,35768,false
anchors,7,3,1874029365,42,596700,34999,35306,false
anchors,7,4,5691784320,42,41564,2427,35933,false
anchors,7,5,8392760514,42,463043,28228,36637,false
anchors,7,6,4612780539,42,312044,18695,35869,false
anchors,7,7,8261384957,42,5890,505,35595,false
anchors,7,8,2463075891,42,407454,23861,34778,false
anchors,7,9,9135874206,42,286646,16911,36174,false
anchors,7,10,7095231486,42,290655,17581,36161,false
anchors,7,11,9842301657,42,12478,791,35809,false
anchors,7,12,2196735084,42,94853,5955,35734,false
anchors,7,13,9067852413,42,409523,24590,35591,false
anchors,7,14,2405681973,42,323887,19540,35834,false
anchors,7,15,2738495106,42,105478,6473,36076,false
anchors,7,16,1069782534,42,596108,35778,35988,false
anchors,7,17,3018795246,42,28424,1697,35569,false
anchors,7,18,1736058429,42,205529,11717,35145,false
anchors,7,19,6087432195,42,32936,2137,36827,false
anchors,7,20,4925731068,42,184536,11244,35970,false
anchors,7,21,3486027915,42,561177,33411,35718,false
anchors,7,22,6941372580,42,76897,4783,35310,false
anchors,7,23,1068243795,42,341152,20448,35235,false
anchors,7,24,1764028593,42,321445,19750,36233,false
anchors,7,25,3857069214,42,457561,27347,35596,false
anchors,7,26,9125784630,42,87509,5399,36549,false
anchors,7,27,7914823056,42,201059,12364,36175,false
anchors,7,28,1258360497,42,416337,24974,35555,false
anchors,7,29,7965023841,42,711,80,36062,false
anchors,9,1,4105328976,42,78579,5668,39007,false
anchors,9,1,6370951248,42,524532,33788,38510,false
anchors,9,2,9431657082,42,357996,22405,38064,false
anchors,9,3,1874029365,42,558315,35851,38356,false
anchors,9,4,5691784320,42,569085,36796,38864,false
anchors,9,5,8392760514,42,531323,33580,38467,false
anchors,9,6,4612780539,42,96430,6565,38970,false
anchors,9,7,8261384957,42,33012,2405,38071,false
anchors,9,8,2463075891,42,58085,3661,37590,false
anchors,9,9,9135874206,42,316303,20142,39517,false
anchors,9,10,7095231486,42,118563,7405,38951,false
anchors,9,11,9842301657,42,105062,6626,38039,false
anchors,9,12,2196735084,42,42458,2849,37807,false
anchors,9,13,9067852413,42,512367,32606,38177,false
anchors,9,14,2405681973,42,204775,13295,38527,false
anchors,9,15,2738495106,42,585921,38466,39205,false
anchors,9,16,1069782534,42,522604,32339,37554,false
anchors,9,17,3018795246,42,88295,5799,38798,false
anchors,9,18,1736058429,42,520006,33152,38366,false
anchors,9,19,6087432195,42,448968,28619,37890,false
anchors,9,20,4925731068,42,289752,18440,38247,false
anchors,9,21,3486027915,42,243612,16077,38460,false
anchors,9,22,6941372580,42,223048,13896,37399,false
anchors,9,23,1068243795,42,406935,25301,36941,false
anchors,9,24,1764028593,42,547744,35867,38958,false
anchors,9,25,3857069214,42,552920,35270,38537,false
anchors,9,26,9125784630,42,31538,2200,38811,false
anchors,9,27,7914823056,42,18171,1201,37142,false
anchors,9,28,1258360497,42,493779,31893,38432,false
anchors,9,29,7965023841,42,520596,33726,38832,false
anchors,11,1,4105328976,42,186849,12262,40221,false
anchors,11,1,6370951248,42,420676,29417,42085,false
anchors,11,2,9431657082,42,49107,3461,39821,false
anchors,11,3,1874029365,42,339488,23380,40525,false
anchors,11,4,5691784320,42,306136,21266,41936,false
anchors,11,5,8392760514,42,472037,32195,41119,false
anchors,11,6,4612780539,42,87308,6156,41231,false
anchors,11,7,8261384957,42,360559,25037,41155,false
anchors,11,8,2463075891,42,221423,15175,41041,false
anchors,11,9,9135874206,42,231633,15762,40917,false
anchors,11,10,7095231486,42,587719,40309,41043,false
anchors,11,11,9842301657,42,324303,21885,40226,false
anchors,11,12,2196735084,42,421232,29603,41376,false
anchors,11,13,9067852413,42,296626,20875,41391,false
anchors,11,14,2405681973,42,180217,12431,41095,false
anchors,11,15,2738495106,42,163626,11240,40905,false
anchors,11,16,1069782534,42,204669,13439,39326,false
anchors,11,17,3018795246,42,21801,1554,39636,false
anchors,11,18,1736058429,42,275403,19299,41999,false
anchors,11,19,6087432195,42,30368,2100,40426,false
anchors,11,20,4925731068,42,237615,15816,40333,false
anchors,11,21,3486027915,42,161217,10865,39937,false
anchors,11,22,6941372580,42,584409,40233,41302,false
anchors,11,23,1068243795,42,75285,5641,41232,false
anchors,11,24,1764028593,42,400863,27147,40770,false
anchors,11,25,3857069214,42,125059,8777,40030,false
anchors,11,26,9125784630,42,207559,14016,40485,false
anchors,11,27,7914823056,42,590963,40077,40800,false
anchors,11,28,1258360497,42,404514,26522,39674,false
anchors,11,29,7965023841,42,109748,7548,40963,false
anchors,13,1,4105328976,42,108656,7990,43228,false
anchors,13,1,6370951248,42,154717,11931,43909,false
anchors,13,2,9431657082,42,226996,16640,42933,false
anchors,13,3,1874029365,42,107387,7728,42458,false
anchors,13,4,5691784320,42,470595,33900,42938,false
anchors,13,5,8392760514,42,445227,32438,43344,false
anchors,13,6,4612780539,42,425679,31577,44731,false
anchors,13,7,8261384957,42,249855,17942,44436,false
anchors,13,8,2463075891,42,202775,14980,43569,false
anchors,13,9,9135874206,42,171584,12839,43509,false
anchors,13,10,7095231486,42,157533,11300,42053,false
anchors,13,11,9842301657,42,206211,14810,43348,false
anchors,13,12,2196735084,42,194776,14385,44319,false
anchors,13,13,9067852413,42,167990,12985,44915,false
anchors,13,14,2405681973,42,201750,14017,42679,false
anchors,13,15,2738495106,42,465643,35408,45116,false
anchors,13,16,1069782534,42,343023,24828,43071,false
anchors,13,17,3018795246,42,58869,4457,43833,false
anchors,13,18,1736058429,42,84812,6487,43469,false
anchors,13,19,6087432195,42,449213,32185,42524,false
anchors,13,20,4925731068,42,421246,29882,42820,false
anchors,13,21,3486027915,42,290786,20997,42962,false
anchors,13,22,6941372580,42,44638,3185,42497,false
anchors,13,23,1068243795,42,383133,27937,43632,false
anchors,13,24,1764028593,42,161409,12387,43824,false
anchors,13,25,3857069214,42,465968,34047,43362,false
anchors,13,26,9125784630,42,12293,944,43780,false
anchors,13,27,7914823056,42,144366,12481,45034,false
anchors,13,28,1258360497,42,430482,30710,43196,false
anchors,13,29,7965023841,42,68397,5368,44204,false
anchors,15,1,4105328976,42,399444,31336,46374,false
anchors,15,1,6370951248,42,487389,35986,44659,false
anchors,15,2,9431657082,42,252626,19167,45866,false
anchors,15,3,1874029365,42,292802,22315,45729,false
anchors,15,4,5691784320,42,298881,22859,45097,false
anchors,15,5,8392760514,42,476905,36858,46099,false
anchors,15,6,4612780539,42,231852,18408,45318,false
anchors,15,7,8261384957,42,411519,30690,45147,false
anchors,15,8,2463075891,42,15883,1360,46643,false
anchors,15,9,9135874206,42,545594,42517,46780,false
anchors,15,10,7095231486,42,310774,24232,45358,false
anchors,15,11,9842301657,42,189405,14094,44787,false
anchors,15,12,2196735084,42,288430,21230,44545,false
anchors,15,13,9067852413,42,105716,8394,46503,false
anchors,15,14,2405681973,42,223675,17467,45940,false
anchors,15,15,2738495106,42,462245,35681,45615,false
anchors,15,16,1069782534,42,83879,6824,47098,false
anchors,15,17,3018795246,42,498959,37409,45619,false
anchors,15,18,1736058429,42,213490,15934,45319,false
anchors,15,19,6087432195,42,275799,21323,45570,false
anchors,15,20,4925731068,42,77588,6103,44413,false
anchors,15,21,3486027915,42,110557,8460,45171,false
anchors,15,22,6941372580,42,108664,8214,44267,false
anchors,15,23,1068243795,42,42263,3486,45512,false
anchors,15,24,1764028593,42,571089,43450,45672,false
anchors,15,25,3857069214,42,12721,982,44820,false
anchors,15,26,9125784630,42,23605,1717,46331,false
anchors,15,27,7914823056,42,11251,907,45814,false
anchors,15,28,1258360497,42,562531,42923,45962,false
anchors,15,29,7965023841,42,255710,20789,47467,false
